airline,flight_number,origin,destination,arrival_date,symptoms_onset_date,close_contact_rows,reporting_state
JAL,JL771,Tokyo,Sydney,Sun 22 March 2020,Sun 05 April 2020,TBC,NSW
Garuda Air,GA712,Jakarta,Sydney,Sun 22 March 2020,Sun 05 April 2020,"5, 6, 7, 8, 9",NSW
Qantas,QF74,San Francisco,Sydney,Sat 21 March 2020,Sat 04 April 2020,TBC,NSW
United Airlines,UA101,Houston,Sydney,Sat 21 March 2020,Sat 04 April 2020,"5, 6, 7, 8, 9",NSW
Qantas,QF2,London,Sydney(via Singapore),Sat 21 March 2020,Sat 04 April 2020,"59, 60, 61, 62, 63",NSW
Etihad,EY454,Abu Dhabi,Sydney,Sat 21 March 2020,Sat 04 April 2020,"76, 77, 78, 79, 80, 81",NSW
Rex,ZL166,Sydney,Orange,Sat 21 March 2020,Sat 04 April 2020,"6, 7, 8, 9, 10",NSW
Emirates,EK414,Dubai,Sydney,Sat 21 March 2020,Sat 04 April 2020,"73, 74, 75, 76, 77",NSW
Qantas,QF761,Sydney,Adelaide,Sat 21 March 2020,Sat 04 April 2020,,SA
Qantas,QF2046,Sydney,Dubbo,Fri 20 March 2020,Fri 03 April 2020,"12, 13, 14, 15, 16",NSW
Scoot,TR2,Singapore,Sydney,Fri 20 March 2020,Fri 03 April 2020,"32, 33, 34, 35, 36",NSW
Qantas,QF761,Sydney,Adelaide,Fri 20 March 2020,Fri 03 April 2020,,SA
Qantas,QF741,Sydney,Adelaide,Fri 20 March 2020,Fri 03 April 2020,,SA
Qantas,QF1467,Sydney,Canberra,Fri 20 March 2020,Fri 03 April 2020,"10,11,12,13,14",ACT
British Airways,BA15,London (via Singapore),Sydney,Fri 20 March 2020,Fri 03 April 2020,"47,48,49,50,51",ACT
Qantas,QF12,Los Angeles,Sydney,Thu 19 March 2020,Thu 02 April 2020,"60, 61, 62, 63, 64",NSW
Virgin,VA2,Los Angeles,Sydney,Thu 19 March 2020,Thu 02 April 2020,"23, 24, 25, 26, 27",NSW
Qantas,QF74,San Francisco,Sydney,Thu 19 March 2020,Thu 02 April 2020,"51, 52, 53, 54, 55",NSW
Emirates,EK412,Dubai,Sydney,Thu 19 March 2020,Thu 02 April 2020,"67, 68, 69, 70, 71",NSW
Emirates,EK416,Dubai,Sydney,Thu 19 March 2020,Thu 02 April 2020,"37, 38, 39, 40",NSW
Etihad,EY454,Abu Dhabi,Sydney,Thu 19 March 2020,Thu 02 April 2020,"75, 76, 77, 78",NSW
Qantas,QF2005,Sydney,Tamworth,Thu 19 March 2020,Thu 02 April 2020,"13, 14, 15, 16, 17",NSW
Rex,ZL133,Sydney,Merimbula,Thu 19 March 2020,Thu 02 April 2020,"6, 7, 8, 9, 10",NSW
Qantas,QF412,Melbourne,Sydney,Thu 19 March 2020,Thu 02 April 2020,"22, 23, 24, 25, 26, 27",NSW
Virgin Australia,VA444,Sydney,Adelaide,Thu 19 March 2020,Thu 02 April 2020,,SA
Jetstar,JQ768,Sydney,Adelaide,Thu 19 March 2020,Thu 02 April 2020,,SA
Qantas,QF759,Sydney,Adelaide,Thu 19 March 2020,Thu 02 April 2020,,SA
Virgin Australia,VA428,Sydney,Adelaide,Thu 19 March 2020,Thu 02 April 2020,,SA
Jetstar,JQ764,Sydney,Adelaide,Thu 19 March 2020,Thu 02 April 2020,,SA
Virgin Australia,VA436,Sydney,Adelaide,Thu 19 March 2020,Thu 02 April 2020,,SA
Virgin Australia,VA418,Sydney,Adelaide,Thu 19 March 2020,Thu 02 April 2020,,SA
Virgin Australia,VA249,Melbourne,Adelaide,Thu 19 March 2020,Thu 02 April 2020,,SA
QANTAS,QF577,Sydney,Perth,Thu 19 March 2020,Thu 02 April 2020,"27, 28, 29, 30, 31 and 48. 49, 50, 51, 52",WA
Jetstar,JQ82,Denpasar,Darwin,Thu 19 March 2020,Thu 02 April 2020,"46, 47, 48",NT
Qantas,QF824,Brisbane,Darwin,Thu 19 March 2020,Thu 02 April 2020,"46, 47, 48",NT
Jetstar,JQ672,Sydney,Darwin,Thu 19 March 2020,Thu 02 April 2020,"46, 47, 48",NT
Etihad,EY450,Abu Dhabi,Sydney,Thu 19 March 2020,Thu 02 April 2020,"15,16,17,18,19",ACT
Virgin Australia,VA640,Sydney,Canberra,Thu 19 March 2020,Thu 02 April 2020,"10,11,12,13,14",ACT
Singapore Airlines,SQ288,Singapore (via Sydney),Canberra,Thu 19 March 2020,Thu 02 April 2020,"30,31,32,33,34",ACT
Air Canada,AC0033,Vancouver,Sydney,Wed 18 March 2020,Wed 01 April 2020,"32, 33, 34, 35, 36",NSW
Qantas,QF12,Los Angeles,Sydney,Wed 18 March 2020,Wed 01 April 2020,"20, 21, 22, 23, 24",NSW
Qantas,QF74,San Francisco,Sydney,Wed 18 March 2020,Wed 01 April 2020,"20, 21,,22,,23, 40, 41,42",NSW
United Airlines,UA863,San Francisco,Sydney,Wed 18 March 2020,Wed 01 April 2020,"31, 32, 33, 34, 35",NSW
Emirates,EK412/QF8412,Dubai,Sydney,Wed 18 March 2020,Wed 01 April 2020,"42, 43, 44, 45, 46",NSW
Emirates,EK414,Dubai,Sydney,Wed 18 March 2020,Wed 01 April 2020,"13, 14, 15, 16, 1755, 56, 57, 58, 59",NSW
Etihad,EY454,Abu Dhabi,Sydney,Wed 18 March 2020,Wed 01 April 2020,"1, 2, 3, 4",NSW
Etihad,EY450,Abu Dhabi,Sydney,Wed 18 March 2020,Wed 01 April 2020,"26, 27, 28, 29, 30",NSW
Qantas,QF20,Manila,Sydney,Wed 18 March 2020,Wed 01 April 2020,"2, 3, 4, 5, 6",NSW
Jetstar,JQ661,Ayers Rock,Sydney,Wed 18 March 2020,Wed 01 April 2020,"24, 25, 26, 27, 28",NSW
Qantas,QF783,Sydney,Adelaide,Wed 18 March 2020,Wed 01 April 2020,,SA
Qantas,QF759,Sydney,Adelaide,Wed 18 March 2020,Wed 01 April 2020,,SA
Virgin Australia,VA243,Melbourne,Adelaide,Wed 18 March 2020,Wed 01 April 2020,,SA
Qantas,QF16,Los Angeles,Brisbane,Wed 18 March 2020,Wed 01 April 2020,"46, 47, 48",QLD
Etihad,EY450,Abu Dhabi,Sydney,Wed 18 March 2020,Wed 01 April 2020,"42,43,44,45,46",ACT
Virgin Australia,VA640,Sydney,Canberra,Wed 18 March 2020,Wed 01 April 2020,"3,4,5,6,7",ACT
Qantas,QF74,San Francisco,Sydney,Wed 18 March 2020,Wed 01 April 2020,"54,55,56,57,58",ACT
Qantas,QF1513,Sydney,Canberra,Wed 18 March 2020,Wed 01 April 2020,,ACT
Emirates,QF8412,Dubai,Sydney,Wed 18 March 2020,Wed 01 April 2020,"24,25,26,27,28",ACT
Qantas,QF1473,Sydney,Canberra,Wed 18 March 2020,Wed 01 April 2020,"1,2,3,4,5",ACT
Delta Airlines,DL41VA6551,Los Angeles,Sydney,Tue 17 March 2020,Tue 31 March 2020,"54, 55, 56, 57",NSW
Qantas,QF12,Los Angeles,Sydney,Tue 17 March 2020,Tue 31 March 2020,"18, 19, 20, 21, 2251, 52, 53, 54, 55, 56, 5767, 68, 69, 70, 71",NSW
United Airlines,UA863,San Francisco,Sydney,Tue 17 March 2020,Tue 31 March 2020,"10,11, 12, 20, 21",NSW
China Airlines,CI51,Taipei,Sydney,Tue 17 March 2020,Tue 31 March 2020,"65, 66, 67, 68, 69",NSW
Emirates,EK414,Dubai,Sydney,Tue 17 March 2020,Tue 31 March 2020,"15, 16, 17, 18, 1945, 46, 47, 48, 4958, 59, 60, 61, 62",NSW
Qantas,QF2,Singapore,Sydney,Tue 17 March 2020,Tue 31 March 2020,"74, 75, 76, 77",NSW
Emirates,EK416,Dubai,Sydney,Tue 17 March 2020,Tue 31 March 2020,TBC,NSW
Air New Zealand,NZ101,Auckland,Sydney,Tue 17 March 2020,Tue 31 March 2020,"55, 56, 57, 58, 59",NSW
LATAM Airlines,LA801,Auckland,Sydney,Tue 17 March 2020,Tue 31 March 2020,TBC,NSW
Singapore Airlines,SQ221,Singapore,Sydney,Tue 17 March 2020,Tue 31 March 2020,"16, 17, 18, 19, 20",NSW
Qantas,QF429,Sydney,Melbourne,Tue 17 March 2020,Tue 31 March 2020,"7,8,9,10,11",NSW
FlyCorporate,FC226,Melbourne,Wollongong,Tue 17 March 2020,Tue 31 March 2020,"9,10,11,12,13",NSW
Virgin Australia,VA437,Sydney,Adelaide,Tue 17 March 2020,Tue 31 March 2020,,SA
Qantas,QF759,Sydney,Adelaide,Tue 17 March 2020,Tue 31 March 2020,,SA
Qantas,QF677,Melbourne,Adelaide,Tue 17 March 2020,Tue 31 March 2020,,SA
Emirates,EK0420,Dubai,Perth,Tue 17 March 2020,Tue 31 March 2020,"82, 83, 84,85, 86",WA
QANTAS,QF769,Melbourne,Perth,Tue 17 March 2020,Tue 31 March 2020,"53, 54, 55, 56, 57",WA
Qantas,QF52,Singapore,Brisbane,Tue 17 March 2020,Tue 31 March 2020,Further information pending,QLD
Qantas,QF94,Los Angeles,Melbourne,Tue 17 March 2020,Tue 31 March 2020,"71,72,73,74,75",ACT
Qantas,QF2130,Melbourne,Canberra,Tue 17 March 2020,Tue 31 March 2020,"15,16,17,18,19",ACT
Etihad,EY78,Amsterdam,Abu Dhabi,Tue 17 March 2020,Tue 31 March 2020,**,ACT
Qatar,QR908,Doha,Sydney,Tue 17 March 2020,Tue 31 March 2020,"79,80,81,82,83",ACT
Virgin Australia,VA672,Sydney,Canberra,Tue 17 March 2020,Tue 31 March 2020,"12,13,14,15,16",ACT
Qantas,QF816,Melbourne,Canberra,Tue 17 March 2020,Tue 31 March 2020,,ACT
Qatar,QR906,Doha (via Sydney),Canberra,Tue 17 March 2020,Tue 31 March 2020,"42,43,44,45,46",ACT
Virgin Australia,VA134,Christchurch,Sydney,Tue 17 March 2020,Tue 31 March 2020,"23,24,25,26,27",ACT
Virgin Australia,VA640,Sydney,Canberra,Tue 17 March 2020,Tue 31 March 2020,"3,4,5,6,7",ACT
Delta,DL41,Los Angeles,Sydney,Mon 16 March 2020,Mon 30 March 2020,"47, 48, 49, 50, 51",NSW
Qantas,QF74,San Francisco,Sydney,Mon 16 March 2020,Mon 30 March 2020,"19, 20, 21, 22, 2340, 41, 42, 4365, 66, 67, 68, 69",NSW
Qantas,QF12,Los Angeles,Sydney,Mon 16 March 2020,Mon 30 March 2020,"11, 12, 13, 14, 15",NSW
Qantas,QF2,London,Sydney(via Singapore),Mon 16 March 2020,Mon 30 March 2020,"11, 12, 13",NSW
Virgin Australia,VA24,Los Angeles,Sydney,Mon 16 March 2020,Mon 30 March 2020,"29, 30, 31, 32, 33",NSW
Emirates,EK416,Dubai,Sydney,Mon 16 March 2020,Mon 30 March 2020,"37, 38, 39, 40, 41, 42",NSW
Etihad/Virgin,EY454 / VA7092,Abu Dhabi,Sydney,Mon 16 March 2020,Mon 30 March 2020,"16,17,1869,70,71,72,7311, 12, 13, 14, 15",NSW
Etihad,EY450,Abu Dhabi,Sydney,Mon 16 March 2020,Mon 30 March 2020,"5, 618, 19, 20, 21, 2224, 25, 26, 27, 28, 2934, 35, 36, 37, 38",NSW
Malindo Air,OD177,Denpasar,Melbourne,Mon 16 March 2020,Mon 30 March 2020,"2,3,4,5,6",NSW
Qantas,QF2,Singapore,Sydney,Mon 16 March 2020,Mon 30 March 2020,"75, 76, 77, 78, 79",NSW
Qatar Airlines,QR906,Doha,Sydney,Mon 16 March 2020,Mon 30 March 2020,"17, 18, 19, 20, 2141, 42, 43, 44, 45",NSW
Qatar Airlines,QR908,Doha,Sydney,Mon 16 March 2020,Mon 30 March 2020,"25, 26, 27, 28, 29",NSW
Qantas,QF8,Dallas,Sydney,Mon 16 March 2020,Mon 30 March 2020,"2, 3, 4, 5, 48",NSW
Thai Airways,TG475,Bangkok,Sydney,Mon 16 March 2020,Mon 30 March 2020,"66, 67, 68, 69, 70, 71",NSW
Qantas,QF8765EK413,Christchurch,Sydney,Mon 16 March 2020,Mon 30 March 2020,"7, 8, 9, 10, 11",NSW
Rex,ZL628,Sydney,Bathuurst,Mon 16 March 2020,Mon 30 March 2020,"6, 7, 8, 9, 10",NSW
Scoot,TR12,Singapore,Sydney,Mon 16 March 2020,Mon 30 March 2020,"7, 8, 9, 10, 11",NSW
Virgin Australia,VA815,Melbourne,Sydney,Mon 16 March 2020,Mon 30 March 2020,"1, 2, 3, 4",NSW
Virgin,VA1628,Uluru,Sydney,Mon 16 March 2020,Mon 30 March 2020,"21, 22, 23, 24, 25",NSW
Qantas,QF761,Sydney,Adelaide,Mon 16 March 2020,Mon 30 March 2020,,SA
Virgin Australia,VA213,Melbourne,Adelaide,Mon 16 March 2020,Mon 30 March 2020,,SA
Qantas,QF675,Melbourne,Adelaide,Mon 16 March 2020,Mon 30 March 2020,,SA
Virgin Australia,VA211,Melbourne,Adelaide,Mon 16 March 2020,Mon 30 March 2020,,SA
Qatar Airways,QR900,Doha,Perth,Mon 16 March 2020,Mon 30 March 2020,"16, 17, 18, 19, 20",WA
Air New Zealand,NZ175,Auckland,PerthArriving 15:40,Mon 16 March 2020,Mon 30 March 2020,"22, 23, 24, 25, 26, 27",WA
QANTAS,QF581,Sydney,PerthArriving 12:20,Mon 16 March 2020,Mon 30 March 2020,"1, 2, 3, 4, 5",WA
Virgin,VA931,Sydney,Brisbane,Mon 16 March 2020,Mon 30 March 2020,"24, 25, 26, 27, 28, 29",QLD
Emirates,EK434,Dubai,Brisbane,Mon 16 March 2020,Mon 30 March 2020,"44, 45, 46, 47, 48",QLD
Qantas,QF520,Sydney,Brisbane,Mon 16 March 2020,Mon 30 March 2020,Further information pending,QLD
Qantas,QF520,Sydney,Brisbane,Mon 16 March 2020,Mon 30 March 2020,Further information pending,QLD
Virgin,VA939,Sydney,Brisbane,Mon 16 March 2020,Mon 30 March 2020,Further information pending,QLD
Emirates,EK434,Dubai,Brisbane,Mon 16 March 2020,Mon 30 March 2020,Further information pending,QLD
Qantas,QF98,Hong Kong,Brisbane,Mon 16 March 2020,Mon 30 March 2020,Further information pending,QLD
Singapore Airlines,SQ319,London,Singapore,Mon 16 March 2020,Mon 30 March 2020,"51, 52, 53, 54, 55",QLD
Virgin Airlines,VA931,Sydney,Brisbane,Mon 16 March 2020,Mon 30 March 2020,"19, 20, 21, 22, 23",QLD
Qatar,QR906,Doha (via Sydney),Canberra,Mon 16 March 2020,Mon 30 March 2020,*,ACT
Qantas,QF36,Singapore,Melbourne,Mon 16 March 2020,Mon 30 March 2020,"56,57,58,59,60",ACT
Qantas,QF12,Los Angeles,Sydney,Sun 15 March 2020,Sun 29 March 2020,"25, 26, 27, 28, 29, 3084, 85, 86, 87, 88",NSW
United Airlines,UA839,Los Angeles,Sydney,Sun 15 March 2020,Sun 29 March 2020,"31, 32, 33, 34, 35",NSW
Qantas,QF74,San Francisco,Sydney,Sun 15 March 2020,Sun 29 March 2020,"23, 40, 41, 42, 43",NSW
Cebu Pacific,5J39,Manila,Sydney,Sun 15 March 2020,Sun 29 March 2020,"49, 50, 51, 52, 53",NSW
Etihad,EY454,Abu Dhabi,Sydney,Sun 15 March 2020,Sun 29 March 2020,TBC,NSW
Phillippines Airlines,PR211,Manila,Sydney,Sun 15 March 2020,Sun 29 March 2020,"2, 3, 4, 5, 21",NSW
Qantas,QF2,Singapore,Sydney,Sun 15 March 2020,Sun 29 March 2020,"6, 7, 8, 9, 1080, 81, 82, 83, 84",NSW
Thai Airways,TG0475,Bangkok,Sydney,Sun 15 March 2020,Sun 29 March 2020,"61, 62, 63, 64, 65",NSW
Jetstar,JQ461,Ballina,Sydney,Sun 15 March 2020,Sun 29 March 2020,"5, 6, 7, 8, 9",NSW
Jetstar,JQ660,Sydney,Ayers Rock,Sun 15 March 2020,Sun 29 March 2020,"8, 9, 10, 11, 12",NSW
Jetstar,JQ785,Maroochydore, Sydney,Sun 15 March 2020,Sun 29 March 2020,"1, 2, 3, 4",NSW
Emirates,EK414,Dubai,Sydney,Sun 15 March 2020,Sun 29 March 2020,"39, 40, 41, 42, 43",NSW
Qantas,QF751,Sydney,Adelaide,Sun 15 March 2020,Sun 29 March 2020,"18, 19, 20, 21, 22",NSW
Qantas,QF582,Perth,Sydney,Sun 15 March 2020,Sun 29 March 2020,TBC,NSW
Qantas,QF751,Sydney,Adelaide,Sun 15 March 2020,Sun 29 March 2020,"18, 19, 20, 21, 22",NSW
Qantas,QF866,Sydney,Hamilton Island,Sun 15 March 2020,Sun 29 March 2020,"3, 4, 5, 6, 722, 23, 24, 25, 26",NSW
Qantas,QF2422,Newcastle,Brisbane,Sun 15 March 2020,Sun 29 March 2020,"3, 4, 5, 6, 7",NSW
Singapore Airlines,SQ231,Singapore,Sydney,Sun 15 March 2020,Sun 29 March 2020,"35, 41, 42, 43, 44",NSW
Virgin,VA932,Brisbane,Sydney,Sun 15 March 2020,Sun 29 March 2020,"7, 8, 9, 10, 11",NSW
Qantas,QF751,Adelaide,Sydney,Sun 15 March 2020,Sun 29 March 2020,,SA
Jetstar,JQ453,Gold Coast,Adelaide,Sun 15 March 2020,Sun 29 March 2020,,SA
Emirates Airlines,EK440,Dubai,Adelaide,Sun 15 March 2020,Sun 29 March 2020,,SA
Thai Airways,TG481,Bangkok,Perth,Sun 15 March 2020,Sun 29 March 2020,"47, 48, 49, 50, 51",WA
Qantas,QF866,Sydney,Hamilton Island,Sun 15 March 2020,Sun 29 March 2020,"22, 23, 24, 25, 26",QLD
Qantas,QF60,San Francisco,Brisbane,Sun 15 March 2020,Sun 29 March 2020,Further information pending,QLD
Royal Brunei Airlines,B10009,Brunei,Brisbane,Sun 15 March 2020,Sun 29 March 2020,"33, 34, 35, 36, 37",QLD
Virgin,VA357,Melbourne,Brisbane,Sun 15 March 2020,Sun 29 March 2020,"5, 6, 7, 8, 9",QLD
British Airways London,BA15,Singapore,Sydney,Sun 15 March 2020,Sun 29 March 2020,Further information pending,QLD
Etihad,EY450,Abu Dhabi,Sydney,Sun 15 March 2020,Sun 29 March 2020,Further information pending,QLD
Emirates,EK434,Dubai,Brisbane,Sun 15 March 2020,Sun 29 March 2020,"48, 49, 50, 51",QLD
Etihad,EY484,Abu Dhabi,Brisbane,Sun 15 March 2020,Sun 29 March 2020,"34, 35, 36, 37",QLD
Qatar,QR906,Doha (via Sydney),Canberra,Sun 15 March 2020,Sun 29 March 2020,"27,28,29,30,31",ACT
British Airways,BA15,Singapore,Sydney,Sat 14 March 2020,Sat 28 March 2020,TBC,NSW
Emirates,EK413,Dubai,Sydney,Sat 14 March 2020,Sat 28 March 2020,"16, 17, 18, 19, 20",NSW
Etihad,EY450,Abu Dhabi,Sydney,Sat 14 March 2020,Sat 28 March 2020,"23, 24, 25, 26, 27",NSW
Etihad,EY454,Abu Dhabi,Sydney,Sat 14 March 2020,Sat 28 March 2020,"79, 80, 81, 82, 8318, 19, 20, 21, 22",NSW
Garuda Indonesia,GA712,Jakarta,Sydney,Sat 14 March 2020,Sat 28 March 2020,"41, 42, 43, 44, 45",NSW
Qatar,QR906,Doha,Sydney,Sat 14 March 2020,Sat 28 March 2020,TBC,NSW
Qantas,QF94,Los Angeles,Melbourne,Sat 14 March 2020,Sat 28 March 2020,"56, 57, 58, 59, 60",NSW
Qantas,QF430,Melbourne,Sydney,Sat 14 March 2020,Sat 28 March 2020,"35,36,37,38,39",NSW
Emirates,EK414,Dubai,Sydney,Sat 14 March 2020,Sat 28 March 2020,"52, 53, 54, 55",NSW
Qantas,QF426,Melbourne,Sydney,Sat 14 March 2020,Sat 28 March 2020,"8, 9, 10, 11, 12",NSW
Malaysian Airlines,MH0141,Kuala Lumpur,Sydney,Sat 14 March 2020,Sat 28 March 2020,"1, 2, 3",NSW
Singapore Airlines,SQ211,Singapore,Sydney,Sat 14 March 2020,Sat 28 March 2020,"31, 32, 33",NSW
Jetstar,JQ784,Sydney,Maroochydore,Sat 14 March 2020,Sat 28 March 2020,"1, 2, 3, 4",NSW
Qantas,QF582,Perth,Sydney,Sat 14 March 2020,Sat 28 March 2020,"1,2,3,4",NSW
Virgin Australia,VA213,Melbourne,Adelaide,Sat 14 March 2020,Sat 28 March 2020,,SA
QANTAS,QF10,London,Perth,Sat 14 March 2020,Sat 28 March 2020,"38, 39, 40, 41, 42",WA
Emirates,EK0420,Dubai,Perth,Sat 14 March 2020,Sat 28 March 2020,"16, 17, 18, 19, 20, 21",WA
Singapore Airlines,SQ235,Singapore,Brisbane,Sat 14 March 2020,Sat 28 March 2020,"66,67,68, 69, 70",QLD
Delta,DL41,Los Angeles,Sydney,Sat 14 March 2020,Sat 28 March 2020,Further information pending,QLD
Delta,DL41,Los Angeles,Sydney,Sat 14 March 2020,Sat 28 March 2020,Further information pending,QLD
Etihad,EY460,Abu Dhabi,Melbourne,Sat 14 March 2020,Sat 28 March 2020,"20, 21, 22, 23, 24",QLD
Delta,DL41,Los Angeles,Sydney,Sat 14 March 2020,Sat 28 March 2020,Further information pending,QLD
Qantas,QF52,Singapore,Brisbane,Sat 14 March 2020,Sat 28 March 2020,"47, 48, 49, 50, 51",QLD
Philippine Airlines,PR221,Manila,Brisbane,Sat 14 March 2020,Sat 28 March 2020,Further information pending,QLD
Emirates,EK434,Madrid,Brisbane,Sat 14 March 2020,Sat 28 March 2020,Further information pending,QLD
Malaysia Airlines,MH135,Kuala Lumpur,Brisbane,Sat 14 March 2020,Sat 28 March 2020,Further information pending,QLD
Etihad,EY0032,Paris,Abu Dhabi,Sat 14 March 2020,Sat 28 March 2020,Further information pending,QLD
Delta Airlines,DL2272,Salt Lake City,Los Angeles,Sat 14 March 2020,Sat 28 March 2020,"19, 20, 21, 22, 23",QLD
Delta Airlines,DL41,Los Angeles,Sydney,Sat 14 March 2020,Sat 28 March 2020,"53, 54, 55, 56, 57",QLD
Garuda,GA712,Jakarta,Sydney,Sat 14 March 2020,Sat 28 March 2020,"40,41,42,43,44",ACT
Qantas,QF12,Los Angeles,Sydney,Fri 13 March 2020,Fri 27 March 2020,"33, 34, 35, 36",NSW
American Airlines,AA0073,Los Angeles,Sydney,Fri 13 March 2020,Fri 27 March 2020,TBC,NSW
Emirates,EK412QF8412,Dubai,Sydney,Fri 13 March 2020,Fri 27 March 2020,"9, 10, 11, 12, 13",NSW
Hawaiian Airline,HA451,Honolulu,Sydney,Fri 13 March 2020,Fri 27 March 2020,"31, 32, 33, 34, 35",NSW
Qatar,QR908,Doha,Sydney,Fri 13 March 2020,Fri 27 March 2020,TBC,NSW
Qatar,QR906,Doha,Sydney,Fri 13 March 2020,Fri 27 March 2020,"31, 32, 33, 34, 35",NSW
Jetstar,JQ224,Queenstown,Sydney,Fri 13 March 2020,Fri 27 March 2020,"1, 2, 3",NSW
Malaysian Airlines,MH141,Kuala Lumpur,Sydney,Fri 13 March 2020,Fri 27 March 2020,"32, 33, 34, 35, 36",NSW
Qantas,QF434,Melbourne,Sydney,Fri 13 March 2020,Fri 27 March 2020,"1, 2, 3, 4",NSW
Virgin Australia,VA820,Melbourne,Sydney,Fri 13 March 2020,Fri 27 March 2020,"8, 9, 10, 11, 12",NSW
Virgin Australia,VA859,Sydney,Melbourne,Fri 13 March 2020,Fri 27 March 2020,"10, 11, 12, 13, 14",NSW
Qantas,QF20,Manila,Sydney,Fri 13 March 2020,Fri 27 March 2020,,SA
Qantas,QF739,Sydney,Adelaide,Fri 13 March 2020,Fri 27 March 2020,,SA
Qantas,QF50,San Francisco,Melbourne,Fri 13 March 2020,Fri 27 March 2020,,SA
Qantas,QF679,Melbourne,Adelaide,Fri 13 March 2020,Fri 27 March 2020,,SA
Qantas,QF94,Los Angeles,Melbourne,Fri 13 March 2020,Fri 27 March 2020,,SA
Qantas,QF685,Melbourne,Adelaide,Fri 13 March 2020,Fri 27 March 2020,,SA
Air New Zealand,NZ191,Auckland,Adelaide,Fri 13 March 2020,Fri 27 March 2020,,SA
Qantas,QF2701,Adelaide,Whyalla,Fri 13 March 2020,Fri 27 March 2020,,SA
Emirates,EK0420,Dubai,Perth,Fri 13 March 2020,Fri 27 March 2020,"62, 63, 64, 65, 66",WA
Qatar Airways,QR900,Doha,PerthArriving 18:25,Fri 13 March 2020,Fri 27 March 2020,"78, 79, 80, 81, 82, 83",WA
Emirates,EK430/QF8430,Dubai,Brisbane,Fri 13 March 2020,Fri 27 March 2020,"29, 30, 31, 32, 33",QLD
Qantas,QF619,Brisbane,Melbourne,Fri 13 March 2020,Fri 27 March 2020,Further information pending,QLD
Qantas,QF632,Melbourne,Brisbane,Fri 13 March 2020,Fri 27 March 2020,Further information pending,QLD
Singapore Airlines,SQ245,Singapore,Brisbane,Fri 13 March 2020,Fri 27 March 2020,"49, 50, 51, 52, 53",QLD
Singapore Airlines,SQ245,Singapore,Brisbane,Fri 13 March 2020,Fri 27 March 2020,"49, 50, 51, 52, 53",QLD
Qantas,QF12,Los Angeles,Sydney,Thu 12 March 2020,Thu 26 March 2020,"2, 3, 4, 524, 25, 26, 27, 28",NSW
British Airways,BA15,Singapore,Sydney,Thu 12 March 2020,Thu 26 March 2020,"15, 16",NSW
Cathay Pacific,CX101,Hong Kong,Sydney,Thu 12 March 2020,Thu 26 March 2020,"33, 39, 40, 41, 42",NSW
Etihad,EY450,Abu Dhabi,Sydney,Thu 12 March 2020,Thu 26 March 2020,"42, 43, 44, 45",NSW
Qantas,QF2,Singapore,Sydney,Thu 12 March 2020,Thu 26 March 2020,"11, 12, 13, 14, 15",NSW
Qatar,QR906,Doha,Sydney,Thu 12 March 2020,Thu 26 March 2020,"27, 28, 29",NSW
Qantas,QF2,London,Sydney (via Singapore),Thu 12 March 2020,Thu 26 March 2020,"53, 54, 55, 56, 57",NSW
Jetstar,JQ456,Sydney,Ballina,Thu 12 March 2020,Thu 26 March 2020,"5, 6, 7, 8, 9",NSW
Virgin,VA838,Sydney,Melbourne,Thu 12 March 2020,Thu 26 March 2020,"9, 10, 11, 12, 13",NSW
Jetstar,JQ452,Adelaide,Gold Coast,Thu 12 March 2020,Thu 26 March 2020,,SA
Singapore Airlines,SQ225,Singapore,Perth,Thu 12 March 2020,Thu 26 March 2020,"42, 43, 44, 45, 46",WA
QANTAS,QF10,London,Perth,Thu 12 March 2020,Thu 26 March 2020,"38, 39, 40, 41, 42",WA
QANTAS,QF769,Melbourne,Perth,Thu 12 March 2020,Thu 26 March 2020,"50, 51, 52, 53, 54",WA
Jetstar,JQ12,Tokyo,Brisbane,Thu 12 March 2020,Thu 26 March 2020,"46, 47, 48, 49, 50",QLD
Qantas,QF74,SanFrancisco,Brisbane,Thu 12 March 2020,Thu 26 March 2020,Further information pending,QLD
Qantas,QF52,Singapore,Brisbane,Thu 12 March 2020,Thu 26 March 2020,"4, 5, 6, 7, 8",QLD
Qantas,QF1786,Brisbane,Townsville,Thu 12 March 2020,Thu 26 March 2020,Further information pending,QLD
Qantas,QF556,Sydney,Brisbane,Thu 12 March 2020,Thu 26 March 2020,"4, 5, 6, 7",QLD
Qantas,QF16,Los Angeles,Brisbane,Thu 12 March 2020,Thu 26 March 2020,"2, 3, 4, 9, 10, 11, 12, 13, 20, 21, 22, 23, 24,",QLD
Qantas,QF650,Perth,Brisbane,Thu 12 March 2020,Thu 26 March 2020,Further information pending,QLD
Qantas,QF52,Singapore,Brisbane,Thu 12 March 2020,Thu 26 March 2020,Further information pending,QLD
Qantas,QF16,Los Angeles,Brisbane,Thu 12 March 2020,Thu 26 March 2020,"39, 40, 41, 42, 43",QLD
American Airlines,AA0073,Los Angeles,Sydney,Wed 11 March 2020,Wed 25 March 2020,"20, 21, 22, 2335, 36, 37, 38, 39",NSW
Qantas,QF8,Dallas,Sydney,Wed 11 March 2020,Wed 25 March 2020,"3, 4, 511, 12, 13, 14, 1548, 4973, 74, 75, 76, 77",NSW
Virgin Australia,VA2,Los Angeles,Sydney,Wed 11 March 2020,Wed 25 March 2020,"2, 3, 4, 5, 6",NSW
Air Canada,AC33,Vancouver,Sydney,Wed 11 March 2020,Wed 25 March 2020,"38, 39, 40, 41, 42",NSW
Emirates,EK416,Dubai,Sydney,Wed 11 March 2020,Wed 25 March 2020,"5,6,7,8,9",NSW
Qantas,QF424,Melbourne,Sydney,Wed 11 March 2020,Wed 25 March 2020,"1, 2, 3",NSW
Qantas,QF12,Los Angeles,Sydney,Wed 11 March 2020,Wed 25 March 2020,,SA
Qantas,QF741,Sydney,Adelaide,Wed 11 March 2020,Wed 25 March 2020,,SA
Singapore Airlines,SQ225,Singapore,Perth,Wed 11 March 2020,Wed 25 March 2020,"45, 46, 47, 48, 49",WA
Etihad,EY484,Abu Dhabi,Brisbane,Wed 11 March 2020,Wed 25 March 2020,Further information pending,QLD
Etihad,EY484,Abu Dhabi,Brisbane,Wed 11 March 2020,Wed 25 March 2020,Further information pending,QLD
Singapore Airlines,QF 52,Singapore,Brisbane,Wed 11 March 2020,Wed 25 March 2020,Further information pending,QLD
Qatar Airways,QR908,Doha,Sydney,Wed 11 March 2020,Wed 25 March 2020,"10, 11, 12, 13",QLD
Emirates,EK434,Dubai,Brisbane,Wed 11 March 2020,Wed 25 March 2020,"63, 64, 65, 66, 67",QLD
Qantas,QF42,Jakarta,Sydney,Wed 11 March 2020,Wed 25 March 2020,"90,91,92,93,94",ACT
Qantas,QF40,Sapporo New Chitose,Sydney,Tue 10 March 2020,Tue 24 March 2020,"36, 37, 38, 39",NSW
Emirates,EK412QF8412,Dubai,Sydney,Tue 10 March 2020,Tue 24 March 2020,"56, 57, 58, 59, 60",NSW
Etihad,EY450,Abu Dhabi,Sydney,Tue 10 March 2020,Tue 24 March 2020,"35, 36, 37, 38, 39",NSW
Etihad,EY454,Abu Dhabi,Sydney,Tue 10 March 2020,Tue 24 March 2020,"10, 11, 12, 13, 14",NSW
Qantas,QF2039,Dubbo,Sydney,Tue 10 March 2020,Tue 24 March 2020,"1, 2, 3, 4",NSW
Rex,Rex XL852,Sydney,Dubbo,Tue 10 March 2020,Tue 24 March 2020,"1,,2, 3, 4",NSW
Singapore Airlines,SQ241,Singapore,Sydney,Tue 10 March 2020,Tue 24 March 2020,"42, 43, 44, 45, 46",NSW
Virgin Australia,VA1141,Sydney,Ballina,Tue 10 March 2020,Tue 24 March 2020,"7, 8, 9, 10, 11",NSW
Ethiad Airways,EY450,Abu Dhabi,Sydney,Tue 10 March 2020,Tue 24 March 2020,,SA
Qantas,QF663,Brisbane,Adelaide,Tue 10 March 2020,Tue 24 March 2020,,SA
Virgin Australia,VA418,Sydney,Adelaide,Tue 10 March 2020,Tue 24 March 2020,,SA
Cathay Pacific,CX171,Hong Kong,Perth,Tue 10 March 2020,Tue 24 March 2020,"18, 19, 20, 21, 22, 23",WA
Qatar Airways,QR900,Doha,Perth,Tue 10 March 2020,Tue 24 March 2020,"70, 71, 72, 73, 74",WA
Emirates,EK0406,Dubai,Melbourne,Tue 10 March 2020,Tue 24 March 2020,,VIC
Qantas,QF8,Dallas,Sydney,Mon 09 March 2020,Mon 23 March 2020,"58, 59, 60, 61, 62",NSW
Qantas,QF12,Los Angeles,Sydney,Mon 09 March 2020,Mon 23 March 2020,"84, 85, 86, 87, 88",NSW
Qantas,QF56,Los Angeles,Sydney,Mon 09 March 2020,Mon 23 March 2020,"1, 2, 3, 4",NSW
Qantas,QF74,San Francisco,Sydney,Mon 09 March 2020,Mon 23 March 2020,"3, 4, 5, 6, 7",NSW
Qantas,EK412QF8412,Dubai,Sydney,Mon 09 March 2020,Mon 23 March 2020,"64, 65, 66",NSW
Emirates,EK414,Dubai,Sydney,Mon 09 March 2020,Mon 23 March 2020,"55, 56, 57, 58, 59",NSW
Scoot,TR2,Singapore,Sydney,Mon 09 March 2020,Mon 23 March 2020,"1, 2, 3, 4",NSW
QANTAS,QF581,Sydney,Perth,Mon 09 March 2020,Mon 23 March 2020,"46, 47, 48, 49, 50",WA
QANTAS,QF589,Brisbane,Perth,Mon 09 March 2020,Mon 23 March 2020,"14, 15, 16, 17, 18",WA
Etihad,EY484,Abu Dhabi,Brisbane,Mon 09 March 2020,Mon 23 March 2020,"29, 30, 31, 32, 33",QLD
Etihad,EY462,Abu Dhabi,Melbourne,Mon 09 March 2020,Mon 23 March 2020,Further information pending,QLD
Etihad,EY462,Abu Dhabi,Melbourne,Mon 09 March 2020,Mon 23 March 2020,Further information pending,QLD
Qantas,QF430,Melbourne,Sydney,Mon 09 March 2020,Mon 23 March 2020,,VIC
Qantas,QF459,Sydney,Melbourne,Mon 09 March 2020,Mon 23 March 2020,,VIC
Malaysian Airlines,MH123,Kulala Lumpur,Sydney,Sun 08 March 2020,Sun 22 March 2020,"12, 14, 15, 16, 17",NSW
Emirates,EK414,Dubai,Sydney,Sun 08 March 2020,Sun 22 March 2020,"5, 6, 7, 8, 9, 11, 1214, 15, 1645, 46, 47, 48, 4958, 59, 60, 61, 62",NSW
Emirates,EK414,Dubai,Sydney,Sun 08 March 2020,Sun 22 March 2020,"6, 7, 8, 911, 12, 13, 14, 15, 1645, 46, 47, 48, 4958, 59, 60, 61, 62",NSW
Qantas,QF8414,Dubai,Sydney,Sun 08 March 2020,Sun 22 March 2020,"45, 46, 47, 48, 49",NSW
Virgin Australia,VA535,Sydney,Coolangatta,Sun 08 March 2020,Sun 22 March 2020,"19, 20, 21, 22, 23",NSW
Emirates,EK0420,Dubai,Perth,Sun 08 March 2020,Sun 22 March 2020,"45, 46, 47, 48, 49",WA
Qantas,QF16,Los Angeles,Brisbane,Sun 08 March 2020,Sun 22 March 2020,Further information pending,QLD
Qantas,QF16,Los Angeles,Brisbane,Sun 08 March 2020,Sun 22 March 2020,"5, 6, 7, 8, 9",QLD
Virgin Australia,VA24,Los Angeles,Melbourne,Sun 08 March 2020,Sun 22 March 2020,,VIC
Cathay Pacific,CX101,Hong Kong,Sydney,Sat 07 March 2020,Sat 21 March 2020,"29, 30, 31, 32, 33",NSW
Emirates,EK412QF8412,Dubai,Sydney,Sat 07 March 2020,Sat 21 March 2020,"1, 2, 3",NSW
Emirates,EK414,Dubai,Sydney,Sat 07 March 2020,Sat 21 March 2020,"63, 64, 65, 66, 67, 68, 69, 70, 71, 72",NSW
Emirates,EK090,Switzerland,Dubai,Sat 07 March 2020,Sat 21 March 2020,"39, 40, 41, 42, 43",NSW
Etihad,EY450,Adu Dhabi,Sydney,Fri 06 March 2020,Fri 20 March 2020,"42, 43, 44, 45, 46",NSW
Singapore,SQ221,Singapore,Sydney,Fri 06 March 2020,Fri 20 March 2020,"19, 20, 21, 22, 23, 24",NSW
Virgin Australia,VA833,Melbourne,Sydney,Fri 06 March 2020,Fri 20 March 2020,"1, 2, 3, 4",NSW
Malaysia Airways,MH0149,Kuala Lumpur,Melbourne,Fri 06 March 2020,Fri 20 March 2020,,VIC
Qantas,QF94,Los Angeles,Melbourne,Fri 06 March 2020,Fri 20 March 2020,,VIC
Emirates,EK404,Singapore,Melbourne,Fri 06 March 2020,Fri 20 March 2020,,VIC
British Airways,BA15,London,Sydney(via Singapore),Thu 05 March 2020,Thu 19 March 2020,"22, 23, 24, 25, 26",NSW
Cebu Pacific,5J39,Manila,Sydney,Thu 05 March 2020,Thu 19 March 2020,"37, 38, 39, 40, 41",NSW
Korean Air,KE121,Incheon Korea,Sydney,Thu 05 March 2020,Thu 19 March 2020,"50, 51, 52, 53, 54",NSW
QANTAS,QF10,London,Perth,Thu 05 March 2020,Thu 19 March 2020,"40, 41, 42, 43, 44",WA
Virgin Australia,VA800,Sydney,Melbourne,Wed 04 March 2020,Wed 18 March 2020,"1, 2, 3, 4",NSW
Cebu Pacific,5J39,Philippines,Sydney,Tue 03 March 2020,Tue 17 March 2020,"22, 23, 24, 25, 26",NSW
Virgin Australia,VA811,Melbourne,Sydney,Tue 03 March 2020,Tue 17 March 2020,"22, 23, 24, 25, 26",NSW
Qantas,QF74,San Francisco,Sydney,Mon 02 March 2020,Mon 16 March 2020,"44, 45, 46, 47, 48",NSW
Singapore Airlines,SQ221,Singapore,Sydney,Mon 02 March 2020,Mon 16 March 2020,"91, 92, 93, 94, 95",NSW
Singapore Airlines,SQ231,Singapore,Sydney,Mon 02 March 2020,Mon 16 March 2020,31-41,NSW
Qatar Airlines,QR908,Doha,Sydney,Mon 02 March 2020,Mon 16 March 2020,"49, 50, 51, 52, 53",NSW
Emirates,EK420,Dubai,Perth,Mon 02 March 2020,Mon 16 March 2020,"81, 82, 83, 84, 85",WA
Virgin Australia,VA682,Perth,Melbourne,Mon 02 March 2020,Mon 16 March 2020,,VIC
Malindo Air,OD171,Kuala Lumpur,Sydney(via Denpasar),Sun 01 March 2020,Sun 15 March 2020,"13, 14, 15, 16, 17",NSW
Qantas,QF82,Singapore,Sydney,Sun 01 March 2020,Sun 15 March 2020,"30, 31, 32, 33, 34",NSW
Qatar Airlines,QR906,Doha,Sydney,Sun 01 March 2020,Sun 15 March 2020,"17, 18, 19, 20, 21",NSW
Philippine Airlines,PR213,Manila,Sydney,Sun 01 March 2020,Sun 15 March 2020,"59, 60, 61, 62, 63",NSW
Singapore Airlines,SQ211,Singapore,Sydney,Sat 29 February 2020,Sat 14 March 2020,"29, 30, 31, 32, 33",NSW
United Airlines,UA60,San Francisco,Melbourne,Sat 29 February 2020,Sat 14 March 2020,,VIC
Singapore Airlines,SQ237,Singapore,Melbourne,Sat 29 February 2020,Sat 14 March 2020,,VIC
Qantas,QF02,Singapore,Sydney,Fri 28 February 2020,Fri 13 March 2020,"3, 4, 5, 6, 731, 32, 33",NSW
Qantas,QF1509,Sydney,Canberra,Fri 28 February 2020,Fri 13 March 2020,"2, 3, 4, 5, 6",NSW
Virgin Australia,VA651,Canberra,Sydney,Fri 28 February 2020,Fri 13 March 2020,"3, 4, 5, 6, 7",NSW
Molinda Air,OD177,Denpasar,Melbourne,Fri 28 February 2020,Fri 13 March 2020,,VIC
Korean Air,KE121,Seoul,Sydney,Thu 27 February 2020,Thu 12 March 2020,"41, 42, 43, 44, 45",NSW
Emirates,EK416,Dubai,Sydney,Mon 24 February 2020,Mon 09 March 2020,"23, 24, 25, 26, 27",NSW
Qatar Airlines,QR908,Doha,Sydney,Sun 23 February 2020,Sun 08 March 2020,"41, 42, 43, 44, 45",NSW
